Title,Prices
得力笔记本子b5记事本厚本子文具韩国超厚小清新简约加厚大学生a5日记本笔记本,15.8
玛丽小学生作业本批发小字本小学生统一专用写字本子幼儿园标准生字数学习字拼习拼音一年级小楷田字格田字本,12.8
晨光田字格练字本作业本小学生专用统一标准生字拼音英语四线三格英文本作文写字习字本子一年级二年级幼儿园,13.8
活页本子a4笔记本子可拆卸扣环a5超厚康奈尔b5横线带环金属铁夹分页外壳学生简约大学生纸网格替芯线圈本可拆,22.8
得力笔记本子简约大学生记事本加厚a5文具不是活页本考研小清新螺旋本练习本大号b5工作牛皮纸批发复古线圈本,14.5
晨光笔记本子简约大学生用创意A5/16K笔记本38/40页 学生可爱记事本缝线本子,22.9
有范专卖 KOKUYO国誉活页本淡彩曲奇笔记本子b5/a4格子印象可拆卸扣环线圈本活页夹可拆活页笔记本活页纸外壳,28.88
维克多利田字格小学生本子作业本汉语拼音本生字本作文田格本英语写字幼儿园一年级田字格本练字本练习本算术,11.9
得力笔记本子加厚简约大学生记事本学生用文艺精致b5大号软面抄文具本子批发工作笔记本可爱少女心考研练习本,36.9
日本国誉kokuyo活页本替芯纸英语方格笔记本子记事26孔20孔内芯A5B5文具本可拆卸线圈错题空白可替换芯,11.8
简约软皮记事本厚文具A5手帐本复古大学生日记本随身小读书2020创意工作文艺精致少女心商务考研笔记本子定制,27.8
晨光小学生加厚作业本 田字格拼音本英语生字写字练字田字格本幼儿园本子数学练习薄 一年级专用标准统一批发,6.9
加厚b5笔记本子简约大学生A5记事本超厚网格本文艺精致空白错题本方格线圈本康奈尔A4格子本读书横翻考研,16.8
晨光拼音本田字格本幼儿园小学生作业本儿童汉语写字生字本方格语文数学簿1-2年级全国统一标准练字本子批发,23.8
得力厚本子大学生课堂笔记螺旋本b5大号笔记本子简约线圈本文艺精致记事牛皮纸超厚练习记录学生用可爱少女心,19.7
锦一方格本网格本日记本格子本少女心手账本女手帐可爱少女A5小清新简约复古ins风简约日式笔记本本子记事本,29.8
A4 B5横式软皮面活页笔记本 可拆卸记事本大号加厚手账本 5mm方格本网格本康奈尔5r高效读书笔记思维导图本子,68.8
得力笔记本子缝线本A5记事本日记本加厚车线本子B5线装本16K大号可爱韩国小清新简约大学生文具批发软面抄,7.9
晨光文具简约清新胶套本b5笔记本 大学生记事本加厚笔记本子 学生用可爱创意a5记事本4本装【包邮】,16.8
日本国誉活页本外壳可拆卸大学生手帐本子A5B5A4活页夹线圈本kokuyo淡彩曲奇活页笔记本子记事本小清新,23.0
加厚 江苏省小学生统一作业本英语本语文本练习簿批发3-6年级数学作文本儿童学生练习本三四五六年级本子20本,30.8
日本国誉淡彩曲奇柔光活页本格子外壳可拆卸笔记本子B5记事A4文具A5小清新简约替芯线圈分类大学生男女,28.88
文谷b5康奈尔笔记本子网格本简约大学生考研厚本子a5个性创意记事本线圈本中小记录本方格本加厚pp外壳单词本,24.8
笔记本a4大本子加大加厚大号商务记事本工作记录本超厚软皮空白日记本大学生简约读书厚本子文艺课堂笔记本子,19.8
a7小笔记本子便携记事本学生随身携带迷你小号口袋本简约随手记单词本加厚日记本精致好看的小本子a6创意文具,21.8
官方旗舰店 kokuyo日本国誉淡彩曲奇活页本a4外壳可拆卸笔记本b5女学生简约小清新可换替芯活页夹a5线圈本子,25.0
小学生作业本标准统一数学本田格本儿童护眼本子一二年级写字拼音本生字本幼儿园方格本田字格练字英语练习本,11.6
20本玛丽英语本子小学生用英语薄拼音本初高中大学生用16k大号英文课作业本练习本牛皮纸加厚作文本薄a5批发,16.8
玛丽16k牛皮纸科目本大号英文本加厚练习本初中生3-6年级小学生用语文本作文本 高中生笔记本子生字练习本,11.9
50本小学生本子数学作业本田字格生字薄幼儿园田字拼音本英语本批发语文单行本小学一二年级标准统一课文本子,19.9
a7小笔记本子便携式记事本学生随身携带迷你口袋型简约随手记单词本小号记录备忘录厚文具日记本创意a6小本子,9.8
a5笔记本子超厚加厚记事本商务b5黑色皮面本工作会议记录本子办公简约大学生日记本文具文艺定制活页软皮批发,20.0
牛皮纸笔记本子加厚简约大学生文艺精致b5记事本16k开记录车线方格本横格横线本软面抄软抄网格a4课堂考研a5,22.8
商务笔记本文具a5本子文艺精致日记本简约大学生皮面超厚硬皮会议记录本办公工作加厚记事本定制LOGO笔记本子,8.8
a5笔记本子超厚商务记事本简约加厚大学生日记本办公文具用品皮面本子工作本会议记录本文艺精致定制可印logo,12.5
玛丽田字格练字本作业本写字本英语本拼音本数学生字本练习本小学生本子幼儿园批发一年级二年级标准统一,22.8
卡杰2020年日程本每日计划表笔记本子文艺精致日历记事本时间轴效率手册手账本简约自律学习打卡定制可印logo,39.9
A4大笔记本子简约康奈尔大号商务记事本大学生考研专用软皮空白网格本加厚加大超厚课堂笔记本日记本文艺精致,18.8
少女心手账本手帐方格活页小清新可爱韩国网红套装日系笔记本子儿童大学生日记本简约ins风手杖工具材料全套,29.9
夏旗办公日本Maruman美乐麦活页本外壳kurufit满乐文活页夹轻薄学生替芯A5B5可拆卸笔记本子a4软皮记事本手账,27.0
A4笔记本子康奈尔网格本文具B5线圈方格简约韩国大学生用A5加厚格子本女创意大号文艺精致笔记超厚读书记事本,10.8
趁早王潇推荐2020年效率手册薄本365天时间轴日程管理每日计划手帐日历本笔记本子商务工作记事本学习手账本,49.0
2020年日程本定制日历计划本打卡自律表365每天一页时间轴效率管理手册文艺精致笔记本子商务工作记事本手帐,23.8
kinbor创意自填日程计划本布艺手帐本日历记事本子晚安手账本a5a6,89.0
趁早王潇推荐2020年效率手册厚本工作学习日程本365天时间管理记事本手帐每日计划本子日记本文具,69.0
铭墨一品 正品加厚40本中小学生16k大本作业本语文数学作文生字田字本子 双面大号练习本上下翻练习簿护眼本,29.8
活页本a5康奈尔笔记本子加厚b5活页纸简约大学生扣环超厚大号记事本a4可拆卸方格夹16k替芯金属夹格子网格本,18.8
铭墨一品小学生一二年级田字本32k小本子儿童写字生字拼音数学本作业加厚双面写淡黄护眼练习薄英语本方格本,15.8
活页本替芯A5横线方格康奈尔20孔笔记本子超厚网格活页纸B5替换芯格子26孔加厚扣环外壳A4大学生可拆卸活页夹,17.2
a5活页笔记本子简约大学生b5商务笔记本文具可拆卸活页本子加厚记事本定制logo办公会议记录本外壳替换活页纸,10.8
kinbor手帐本内芯a6全空白手账内页 格子本替换本芯学生日记本子,18.0
a4笔记本子厚本子超厚简约大学生加厚ins风考研专用大号记事本复古文艺精致软皮a5日记本记录本康奈尔笔记本,19.5
a4笔记本厚本子超厚空白定制笔记本logo考研简约大学生记事本a5加厚日记本子网格工作方格记录本文艺精致大号,18.8
康奈尔高效活页笔记本子b5外壳好看可拆卸大号环扣手帐英语错题本简约大学生思维导图本子文艺精致记事手账本,45.8
中小学作业本标准统一加厚16k大本语文数学英语作文生字田字美术练习本子双面大号码上下翻练习簿护眼三年级,31.8
LEUCHTTURM1917德国灯塔经典系列笔记本子A5硬皮手账本手帐商务横格日记本点格方格横线空白办公学习记事本,228.0
英语本加厚大号本子小学生四线三格练习本抄写簿默写本3-6-7-9年级初中生中学生统一标准超厚作业本批发16K,9.8
文谷活页纸B5横线活页本26孔笔记本子替芯A5点阵方格错题纠错本20孔可拆卸替换芯康奈尔A4空白可替换芯网格纸,7.5
A4笔记本简约大学生康奈尔笔记本文具超厚错题本空白方格本B5笔记本子记事本小a5本子笔记本随身网格本线圈本,15.5
法拉蒙a5笔记本文具商务记事本女韩国小清新大学生日记本简约手账本笔记本子加厚办公用品记事本子定制logo,5.8
